DMH,Kikuyu,Paspalum,Lucerne,Rye
Hay,1.408450704,1.408450704,1.123595506,1.020408163
Silage,1.515151515,1.515151515,1.19047619,1.075268817
